,removal_effect,proportion,conversions_attribuees
Prog_Contextual,0.024870486724440255,0.42409817345783485,574476.6001952077
Prog_Retargeting,0.02746106449932262,0.4682733966732462,634315.6507592325
TV,0.0063116787662690355,0.10762842986891898,145791.74904555973
