,removal_effect,proportion,conversions_attribuees
Prog_Contextual,-0.007289803174938936,0.49358299603221206,668599.6290972979
Prog_Retargeting,0.006858304240296154,-0.4643667700471427,-629023.7968375388
TV,-0.014337654852136353,0.9707837740149307,1315008.167740241
