,removal_effect,proportion,conversions_attribuees
Prog_Contextual,-0.007289803174938936,0.493582996032213,668599.6290972992
Prog_Retargeting,0.006858304240296154,-0.4643667700471436,-629023.79683754
TV,-0.014337654852136325,0.9707837740149305,1315008.1677402407
