,removal_effect,proportion,conversions_attribuees
Prog_Contextual,-0.056591662674319226,0.5248182818429844,710910.4474919972
TV,-0.051239304028266736,0.4751817181570156,643673.5525080028
