channel,removal_effect,proportion,conversions_attribuees,cost_usd,cost_per_conversion,roi
Prog_Contextual,-0.0072898031749389,0.493582996032212,668599.6290972979,50921.04308319003,0.07616074084866079,261.6024875433138
Prog_Retargeting,0.0068583042402961,-0.4643667700471427,-629023.7968375388,42052.08919668001,0.06685293848674698,-300.16411234436356
TV,-0.0143376548521363,0.9707837740149308,1315008.167740241,135510.60556830044,0.10304925010554643,193.08195575916702
