channel,removal_effect,proportion,conversions_attribuees,cost_usd,cost_per_conversion,roi
Prog_Contextual,-0.0072898031749389,0.493582996032213,668599.6290972992,50921.04308319003,0.07616074084866065,261.60248754331434
Prog_Retargeting,0.0068583042402961,-0.4643667700471436,-629023.79683754,42052.08919668001,0.06685293848674685,-300.1641123443641
TV,-0.0143376548521363,0.9707837740149304,1315008.1677402407,135510.60556830044,0.10304925010554644,193.081955759167
