,Conversion,No_Conversion,Prog_Contextual,Prog_Retargeting,Start,TV
Conversion,1.0,0.0,0.0,0.0,0.0,0.0
No_Conversion,0.0,1.0,0.0,0.0,0.0,0.0
Prog_Contextual,0.023357405249688736,0.23333577606450456,0.704396681136055,0.03395318003946945,0.0,0.004956957510282234
Prog_Retargeting,0.10451606176537992,0.3510461980926976,0.12139154824310569,0.4019175738981602,0.0,0.021128618000656553
Start,0.0,0.0,0.49688318857616515,0.2304750861888747,0.0,0.27264172523496016
TV,0.01006104881314975,0.3132096023251891,0.004093196567938068,0.0379376267475144,0.0,0.6346985255462088
