,Conversion,No_Conversion,Prog_Contextual,Start,TV
Conversion,0.946092907476959,0.0,0.043701734344737654,0.0,0.010205358178303387
No_Conversion,0.0,1.0,0.0,0.0,0.0
Prog_Contextual,0.02494486231954507,0.2374228960962023,0.7324552914109753,0.0,0.005176950173277265
Start,0.18687364720506053,0.0,0.5137637154183353,0.0,0.2993626373766041
TV,0.01075704448422118,0.342281990775126,0.004708689848088489,0.0,0.6422522748925643
