,Conversion,No_Conversion,Prog_Contextual,Prog_Retargeting,Start,TV
Conversion,1.0,0.0,0.0,0.0,0.0,0.0
No_Conversion,0.0,1.0,0.0,0.0,0.0,0.0
Prog_Contextual,0.023357405249688736,0.23333577606450456,0.704396681136055,0.03395318003946945,0.0,0.004956957510282234
Prog_Retargeting,0.10451606176537992,0.3510461980926976,0.12139154824310569,0.4019175738981602,0.0,0.021128618000656553
Start,0.5610502126411914,0.0,0.21810676996767447,0.10116699007410963,0.0,0.1196760273170245
TV,0.01006104881314975,0.3132096023251891,0.004093196567938068,0.0379376267475144,0.0,0.6346985255462088
